{
	"miniprogramRoot": "miniprogram/",
	"cloudfunctionRoot": "cloudfunctions/",
	"setting": {
		"urlCheck": true,
		"es6": true,
		"postcss": true,
		"minified": true,
		"newFeature": true
	},
	"appid": "wx9bb741d1c937d3be",
	"projectname": "ssjk_miniapp",
	"libVersion": "2.2.5",
	"condition": {
		"search": {
			"current": -1,
			"list": []
		},
		"conversation": {
			"current": -1,
			"list": []
		},
		"plugin": {
			"current": -1,
			"list": []
		},
		"game": {
			"list": []
		},
		"miniprogram": {
			"current": 2,
			"list": [
				{
					"id": -1,
					"name": "db guide",
					"pathName": "pages/databaseGuide/databaseGuide",
					"query": ""
				},
				{
					"id": -1,
					"name": "ref",
					"pathName": "pages/index/index",
					"query": "ref=asdf1234"
				},
				{
					"id": -1,
					"name": "ref",
					"pathName": "pages/index/index",
					"query": "ref=asdf1234",
					"scene": "1044",
					"shareInfo": {
						"groupName": "测试模拟群0",
						"shareName": "iKZD0LErlX2nKmPz3owX6A-EjoCGOIo7yb3Y7X-lP0c@cr4dev",
						"shareKey": "Jyz_kYssQYwlnEyBTsL-O1vs4Eo_qSORC3ZQHWJxnLT_wxw1jt5kOIIXS2D_2gfQldBJIapwDATP_D596q9-Jg~~"
					}
				}
			]
		}
	}
}