{
	"miniprogramRoot": "./miniprogram",
	"cloudfunctionRoot": "./cloudfunctions",
	"setting": {
		"urlCheck": true,
		"es6": true,
		"postcss": true,
		"minified": true,
		"newFeature": true
	},
	"appid": "wxd1ca70db507085dd",
	"projectname": "clouddev",
	"condition": {
		"search": {
			"current": -1,
			"list": []
		},
		"conversation": {
			"current": -1,
			"list": []
		},
		"plugin": {
			"current": -1,
			"list": []
		},
		"game": {
			"list": []
		},
		"miniprogram": {
			"current": 2,
			"list": [
				{
					"id": -1,
					"name": "db guide",
					"pathName": "pages/databaseGuide/databaseGuide",
					"query": ""
				},
				{
					"id": -1,
					"name": "scanCode",
					"pathName": "pages/scanCode/scanCode",
					"query": ""
				},
				{
					"id": -1,
					"name": "bookDetail",
					"pathName": "pages/bookDetail/bookDetail",
					"query": "id=W35bTSGodpkt_1Un"
				}
			]
		}
	}
}