{
	"miniprogramRoot": "miniprogram/",
	"cloudfunctionRoot": "cloudfunctions/",
	"setting": {
		"urlCheck": true,
		"es6": true,
		"postcss": true,
		"minified": true,
		"newFeature": true
	},
	"appid": "wx9bb741d1c937d3be",
	"projectname": "ssjk_main",
	"compileType": "miniprogram",
	"condition": {
		"search": {
			"current": -1,
			"list": []
		},
		"conversation": {
			"current": -1,
			"list": []
		},
		"plugin": {
			"current": -1,
			"list": []
		},
		"game": {
			"list": []
		},
		"miniprogram": {
			"current": 7,
			"list": [
				{
					"id": -1,
					"name": "db guide",
					"pathName": "pages/databaseGuide/databaseGuide",
					"query": ""
				},
				{
					"id": -1,
					"name": "scanCode",
					"pathName": "pages/scanCode/scanCode",
					"query": ""
				},
				{
					"id": -1,
					"name": "bookDetail",
					"pathName": "pages/bookDetail/bookDetail",
					"query": "id=W35bTSGodpkt_1Un"
				},
				{
					"id": -1,
					"name": "article",
					"pathName": "pages/article/article",
					"query": ""
				},
				{
					"id": -1,
					"name": "article",
					"pathName": "pages/article/article",
					"query": "url=afafsf"
				},
				{
					"id": -1,
					"name": "article",
					"pathName": "pages/article/article",
					"query": "url=http://mp.weixin.qq.com/s?__biz=MzU2MTY3MzMxOA==&mid=100000002&idx=1&sn=e960735a50399d1bf9ff137563f02d98&chksm=7c74640b4b03ed1d024f8055edcc3eca90adb085cc6ad9accbbb32c3a90550b542c8ee6da09f#rd"
				},
				{
					"id": -1,
					"name": "article",
					"pathName": "pages/article/article",
					"query": "urlid=1"
				},
				{
					"id": -1,
					"name": "join",
					"pathName": "pages/join/join",
					"query": ""
				}
			]
		}
	}
}